filename,x,z,rotation_index,rotation_degrees
000000.png,-4.5,-4.5,0,0
000001.png,-4.5,-4.5,1,90
000002.png,-4.5,-4.5,2,180
000003.png,-4.5,-4.5,3,270
000004.png,-4.5,-3.5,0,0
000005.png,-4.5,-3.5,1,90
000006.png,-4.5,-3.5,2,180
000007.png,-4.5,-3.5,3,270
000008.png,-4.5,-2.5,0,0
000009.png,-4.5,-2.5,1,90
000010.png,-4.5,-2.5,2,180
000011.png,-4.5,-2.5,3,270
000012.png,-4.5,-1.5,0,0
000013.png,-4.5,-1.5,1,90
000014.png,-4.5,-1.5,2,180
000015.png,-4.5,-1.5,3,270
000016.png,-4.5,-0.5,0,0
000017.png,-4.5,-0.5,1,90
000018.png,-4.5,-0.5,2,180
000019.png,-4.5,-0.5,3,270
000020.png,-4.5,0.5,0,0
000021.png,-4.5,0.5,1,90
000022.png,-4.5,0.5,2,180
000023.png,-4.5,0.5,3,270
000024.png,-4.5,1.5,0,0
000025.png,-4.5,1.5,1,90
000026.png,-4.5,1.5,2,180
000027.png,-4.5,1.5,3,270
000028.png,-4.5,2.5,0,0
000029.png,-4.5,2.5,1,90
000030.png,-4.5,2.5,2,180
000031.png,-4.5,2.5,3,270
000032.png,-4.5,3.5,0,0
000033.png,-4.5,3.5,1,90
000034.png,-4.5,3.5,2,180
000035.png,-4.5,3.5,3,270
000036.png,-4.5,4.5,0,0
000037.png,-4.5,4.5,1,90
000038.png,-4.5,4.5,2,180
000039.png,-4.5,4.5,3,270
000040.png,-3.5,-4.5,0,0
000041.png,-3.5,-4.5,1,90
000042.png,-3.5,-4.5,2,180
000043.png,-3.5,-4.5,3,270
000044.png,-3.5,-3.5,0,0
000045.png,-3.5,-3.5,1,90
000046.png,-3.5,-3.5,2,180
000047.png,-3.5,-3.5,3,270
000048.png,-3.5,-2.5,0,0
000049.png,-3.5,-2.5,1,90
000050.png,-3.5,-2.5,2,180
000051.png,-3.5,-2.5,3,270
000052.png,-3.5,-1.5,0,0
000053.png,-3.5,-1.5,1,90
000054.png,-3.5,-1.5,2,180
000055.png,-3.5,-1.5,3,270
000056.png,-3.5,-0.5,0,0
000057.png,-3.5,-0.5,1,90
000058.png,-3.5,-0.5,2,180
000059.png,-3.5,-0.5,3,270
000060.png,-3.5,0.5,0,0
000061.png,-3.5,0.5,1,90
000062.png,-3.5,0.5,2,180
000063.png,-3.5,0.5,3,270
000064.png,-3.5,1.5,0,0
000065.png,-3.5,1.5,1,90
000066.png,-3.5,1.5,2,180
000067.png,-3.5,1.5,3,270
000068.png,-3.5,2.5,0,0
000069.png,-3.5,2.5,1,90
000070.png,-3.5,2.5,2,180
000071.png,-3.5,2.5,3,270
000072.png,-3.5,3.5,0,0
000073.png,-3.5,3.5,1,90
000074.png,-3.5,3.5,2,180
000075.png,-3.5,3.5,3,270
000076.png,-3.5,4.5,0,0
000077.png,-3.5,4.5,1,90
000078.png,-3.5,4.5,2,180
000079.png,-3.5,4.5,3,270
000080.png,-2.5,-4.5,0,0
000081.png,-2.5,-4.5,1,90
000082.png,-2.5,-4.5,2,180
000083.png,-2.5,-4.5,3,270
000084.png,-2.5,-3.5,0,0
000085.png,-2.5,-3.5,1,90
000086.png,-2.5,-3.5,2,180
000087.png,-2.5,-3.5,3,270
000088.png,-2.5,-2.5,0,0
000089.png,-2.5,-2.5,1,90
000090.png,-2.5,-2.5,2,180
000091.png,-2.5,-2.5,3,270
000092.png,-2.5,-1.5,0,0
000093.png,-2.5,-1.5,1,90
000094.png,-2.5,-1.5,2,180
000095.png,-2.5,-1.5,3,270
000096.png,-2.5,-0.5,0,0
000097.png,-2.5,-0.5,1,90
000098.png,-2.5,-0.5,2,180
000099.png,-2.5,-0.5,3,270
000100.png,-2.5,0.5,0,0
000101.png,-2.5,0.5,1,90
000102.png,-2.5,0.5,2,180
000103.png,-2.5,0.5,3,270
000104.png,-2.5,1.5,0,0
000105.png,-2.5,1.5,1,90
000106.png,-2.5,1.5,2,180
000107.png,-2.5,1.5,3,270
000108.png,-2.5,2.5,0,0
000109.png,-2.5,2.5,1,90
000110.png,-2.5,2.5,2,180
000111.png,-2.5,2.5,3,270
000112.png,-2.5,3.5,0,0
000113.png,-2.5,3.5,1,90
000114.png,-2.5,3.5,2,180
000115.png,-2.5,3.5,3,270
000116.png,-2.5,4.5,0,0
000117.png,-2.5,4.5,1,90
000118.png,-2.5,4.5,2,180
000119.png,-2.5,4.5,3,270
000120.png,-1.5,-4.5,0,0
000121.png,-1.5,-4.5,1,90
000122.png,-1.5,-4.5,2,180
000123.png,-1.5,-4.5,3,270
000124.png,-1.5,-3.5,0,0
000125.png,-1.5,-3.5,1,90
000126.png,-1.5,-3.5,2,180
000127.png,-1.5,-3.5,3,270
000128.png,-1.5,-2.5,0,0
000129.png,-1.5,-2.5,1,90
000130.png,-1.5,-2.5,2,180
000131.png,-1.5,-2.5,3,270
000132.png,-1.5,-1.5,0,0
000133.png,-1.5,-1.5,1,90
000134.png,-1.5,-1.5,2,180
000135.png,-1.5,-1.5,3,270
000136.png,-1.5,-0.5,0,0
000137.png,-1.5,-0.5,1,90
000138.png,-1.5,-0.5,2,180
000139.png,-1.5,-0.5,3,270
000140.png,-1.5,0.5,0,0
000141.png,-1.5,0.5,1,90
000142.png,-1.5,0.5,2,180
000143.png,-1.5,0.5,3,270
000144.png,-1.5,1.5,0,0
000145.png,-1.5,1.5,1,90
000146.png,-1.5,1.5,2,180
000147.png,-1.5,1.5,3,270
000148.png,-1.5,2.5,0,0
000149.png,-1.5,2.5,1,90
000150.png,-1.5,2.5,2,180
000151.png,-1.5,2.5,3,270
000152.png,-1.5,3.5,0,0
000153.png,-1.5,3.5,1,90
000154.png,-1.5,3.5,2,180
000155.png,-1.5,3.5,3,270
000156.png,-1.5,4.5,0,0
000157.png,-1.5,4.5,1,90
000158.png,-1.5,4.5,2,180
000159.png,-1.5,4.5,3,270
000160.png,-0.5,-4.5,0,0
000161.png,-0.5,-4.5,1,90
000162.png,-0.5,-4.5,2,180
000163.png,-0.5,-4.5,3,270
000164.png,-0.5,-3.5,0,0
000165.png,-0.5,-3.5,1,90
000166.png,-0.5,-3.5,2,180
000167.png,-0.5,-3.5,3,270
000168.png,-0.5,-2.5,0,0
000169.png,-0.5,-2.5,1,90
000170.png,-0.5,-2.5,2,180
000171.png,-0.5,-2.5,3,270
000172.png,-0.5,-1.5,0,0
000173.png,-0.5,-1.5,1,90
000174.png,-0.5,-1.5,2,180
000175.png,-0.5,-1.5,3,270
000176.png,-0.5,-0.5,0,0
000177.png,-0.5,-0.5,1,90
000178.png,-0.5,-0.5,2,180
000179.png,-0.5,-0.5,3,270
000180.png,-0.5,0.5,0,0
000181.png,-0.5,0.5,1,90
000182.png,-0.5,0.5,2,180
000183.png,-0.5,0.5,3,270
000184.png,-0.5,1.5,0,0
000185.png,-0.5,1.5,1,90
000186.png,-0.5,1.5,2,180
000187.png,-0.5,1.5,3,270
000188.png,-0.5,2.5,0,0
000189.png,-0.5,2.5,1,90
000190.png,-0.5,2.5,2,180
000191.png,-0.5,2.5,3,270
000192.png,-0.5,3.5,0,0
000193.png,-0.5,3.5,1,90
000194.png,-0.5,3.5,2,180
000195.png,-0.5,3.5,3,270
000196.png,-0.5,4.5,0,0
000197.png,-0.5,4.5,1,90
000198.png,-0.5,4.5,2,180
000199.png,-0.5,4.5,3,270
000200.png,0.5,-4.5,0,0
000201.png,0.5,-4.5,1,90
000202.png,0.5,-4.5,2,180
000203.png,0.5,-4.5,3,270
000204.png,0.5,-3.5,0,0
000205.png,0.5,-3.5,1,90
000206.png,0.5,-3.5,2,180
000207.png,0.5,-3.5,3,270
000208.png,0.5,-2.5,0,0
000209.png,0.5,-2.5,1,90
000210.png,0.5,-2.5,2,180
000211.png,0.5,-2.5,3,270
000212.png,0.5,-1.5,0,0
000213.png,0.5,-1.5,1,90
000214.png,0.5,-1.5,2,180
000215.png,0.5,-1.5,3,270
000216.png,0.5,-0.5,0,0
000217.png,0.5,-0.5,1,90
000218.png,0.5,-0.5,2,180
000219.png,0.5,-0.5,3,270
000220.png,0.5,0.5,0,0
000221.png,0.5,0.5,1,90
000222.png,0.5,0.5,2,180
000223.png,0.5,0.5,3,270
000224.png,0.5,1.5,0,0
000225.png,0.5,1.5,1,90
000226.png,0.5,1.5,2,180
000227.png,0.5,1.5,3,270
000228.png,0.5,2.5,0,0
000229.png,0.5,2.5,1,90
000230.png,0.5,2.5,2,180
000231.png,0.5,2.5,3,270
000232.png,0.5,3.5,0,0
000233.png,0.5,3.5,1,90
000234.png,0.5,3.5,2,180
000235.png,0.5,3.5,3,270
000236.png,0.5,4.5,0,0
000237.png,0.5,4.5,1,90
000238.png,0.5,4.5,2,180
000239.png,0.5,4.5,3,270
000240.png,1.5,-4.5,0,0
000241.png,1.5,-4.5,1,90
000242.png,1.5,-4.5,2,180
000243.png,1.5,-4.5,3,270
000244.png,1.5,-3.5,0,0
000245.png,1.5,-3.5,1,90
000246.png,1.5,-3.5,2,180
000247.png,1.5,-3.5,3,270
000248.png,1.5,-2.5,0,0
000249.png,1.5,-2.5,1,90
000250.png,1.5,-2.5,2,180
000251.png,1.5,-2.5,3,270
000252.png,1.5,-1.5,0,0
000253.png,1.5,-1.5,1,90
000254.png,1.5,-1.5,2,180
000255.png,1.5,-1.5,3,270
000256.png,1.5,-0.5,0,0
000257.png,1.5,-0.5,1,90
000258.png,1.5,-0.5,2,180
000259.png,1.5,-0.5,3,270
000260.png,1.5,0.5,0,0
000261.png,1.5,0.5,1,90
000262.png,1.5,0.5,2,180
000263.png,1.5,0.5,3,270
000264.png,1.5,1.5,0,0
000265.png,1.5,1.5,1,90
000266.png,1.5,1.5,2,180
000267.png,1.5,1.5,3,270
000268.png,1.5,2.5,0,0
000269.png,1.5,2.5,1,90
000270.png,1.5,2.5,2,180
000271.png,1.5,2.5,3,270
000272.png,1.5,3.5,0,0
000273.png,1.5,3.5,1,90
000274.png,1.5,3.5,2,180
000275.png,1.5,3.5,3,270
000276.png,1.5,4.5,0,0
000277.png,1.5,4.5,1,90
000278.png,1.5,4.5,2,180
000279.png,1.5,4.5,3,270
000280.png,2.5,-4.5,0,0
000281.png,2.5,-4.5,1,90
000282.png,2.5,-4.5,2,180
000283.png,2.5,-4.5,3,270
000284.png,2.5,-3.5,0,0
000285.png,2.5,-3.5,1,90
000286.png,2.5,-3.5,2,180
000287.png,2.5,-3.5,3,270
000288.png,2.5,-2.5,0,0
000289.png,2.5,-2.5,1,90
000290.png,2.5,-2.5,2,180
000291.png,2.5,-2.5,3,270
000292.png,2.5,-1.5,0,0
000293.png,2.5,-1.5,1,90
000294.png,2.5,-1.5,2,180
000295.png,2.5,-1.5,3,270
000296.png,2.5,-0.5,0,0
000297.png,2.5,-0.5,1,90
000298.png,2.5,-0.5,2,180
000299.png,2.5,-0.5,3,270
000300.png,2.5,0.5,0,0
000301.png,2.5,0.5,1,90
000302.png,2.5,0.5,2,180
000303.png,2.5,0.5,3,270
000304.png,2.5,1.5,0,0
000305.png,2.5,1.5,1,90
000306.png,2.5,1.5,2,180
000307.png,2.5,1.5,3,270
000308.png,2.5,2.5,0,0
000309.png,2.5,2.5,1,90
000310.png,2.5,2.5,2,180
000311.png,2.5,2.5,3,270
000312.png,2.5,3.5,0,0
000313.png,2.5,3.5,1,90
000314.png,2.5,3.5,2,180
000315.png,2.5,3.5,3,270
000316.png,2.5,4.5,0,0
000317.png,2.5,4.5,1,90
000318.png,2.5,4.5,2,180
000319.png,2.5,4.5,3,270
000320.png,3.5,-4.5,0,0
000321.png,3.5,-4.5,1,90
000322.png,3.5,-4.5,2,180
000323.png,3.5,-4.5,3,270
000324.png,3.5,-3.5,0,0
000325.png,3.5,-3.5,1,90
000326.png,3.5,-3.5,2,180
000327.png,3.5,-3.5,3,270
000328.png,3.5,-2.5,0,0
000329.png,3.5,-2.5,1,90
000330.png,3.5,-2.5,2,180
000331.png,3.5,-2.5,3,270
000332.png,3.5,-1.5,0,0
000333.png,3.5,-1.5,1,90
000334.png,3.5,-1.5,2,180
000335.png,3.5,-1.5,3,270
000336.png,3.5,-0.5,0,0
000337.png,3.5,-0.5,1,90
000338.png,3.5,-0.5,2,180
000339.png,3.5,-0.5,3,270
000340.png,3.5,0.5,0,0
000341.png,3.5,0.5,1,90
000342.png,3.5,0.5,2,180
000343.png,3.5,0.5,3,270
000344.png,3.5,1.5,0,0
000345.png,3.5,1.5,1,90
000346.png,3.5,1.5,2,180
000347.png,3.5,1.5,3,270
000348.png,3.5,2.5,0,0
000349.png,3.5,2.5,1,90
000350.png,3.5,2.5,2,180
000351.png,3.5,2.5,3,270
000352.png,3.5,3.5,0,0
000353.png,3.5,3.5,1,90
000354.png,3.5,3.5,2,180
000355.png,3.5,3.5,3,270
000356.png,3.5,4.5,0,0
000357.png,3.5,4.5,1,90
000358.png,3.5,4.5,2,180
000359.png,3.5,4.5,3,270
000360.png,4.5,-4.5,0,0
000361.png,4.5,-4.5,1,90
000362.png,4.5,-4.5,2,180
000363.png,4.5,-4.5,3,270
000364.png,4.5,-3.5,0,0
000365.png,4.5,-3.5,1,90
000366.png,4.5,-3.5,2,180
000367.png,4.5,-3.5,3,270
000368.png,4.5,-2.5,0,0
000369.png,4.5,-2.5,1,90
000370.png,4.5,-2.5,2,180
000371.png,4.5,-2.5,3,270
000372.png,4.5,-1.5,0,0
000373.png,4.5,-1.5,1,90
000374.png,4.5,-1.5,2,180
000375.png,4.5,-1.5,3,270
000376.png,4.5,-0.5,0,0
000377.png,4.5,-0.5,1,90
000378.png,4.5,-0.5,2,180
000379.png,4.5,-0.5,3,270
000380.png,4.5,0.5,0,0
000381.png,4.5,0.5,1,90
000382.png,4.5,0.5,2,180
000383.png,4.5,0.5,3,270
000384.png,4.5,1.5,0,0
000385.png,4.5,1.5,1,90
000386.png,4.5,1.5,2,180
000387.png,4.5,1.5,3,270
000388.png,4.5,2.5,0,0
000389.png,4.5,2.5,1,90
000390.png,4.5,2.5,2,180
000391.png,4.5,2.5,3,270
000392.png,4.5,3.5,0,0
000393.png,4.5,3.5,1,90
000394.png,4.5,3.5,2,180
000395.png,4.5,3.5,3,270
000396.png,4.5,4.5,0,0
000397.png,4.5,4.5,1,90
000398.png,4.5,4.5,2,180
000399.png,4.5,4.5,3,270
